{
	"display": {
		"icon": {
			"item": "minecraft:player_head",
			"nbt": "{SkullOwner:{Id:[I;2089681891,2057717105,-1735267241,-1458914135],Name:\"Stray\",Properties:{textures:[{Value:\"eyJ0ZXh0dXJlcyI6eyJTS0lOIjp7InVybCI6Imh0dHA6Ly90ZXh0dXJlcy5taW5lY3JhZnQubmV0L3RleHR1cmUvNTkyYjU1OTcwODVlMzVkYjUzZDliZGEwMDhjYWU3MmIyZjAwY2Q3ZDRjZDhkYzY5ZmYxNzRhNTViNjg5ZTZlIn19fQ==\"}]}}}"
		},
		"title": "Strays Improve Over Time",
		"description": ["",{"text":"Strays get stronger the longer you play.","color":"aqua"}],
		"show_toast": false,
		"announce_to_chat": false
	},
    "parent": "knize1007:hostile_mobs_root",
	"criteria": {
		"tick": {
			"trigger": "minecraft:tick"
		}
	}
}
