{
  "type": "minecraft:tree",
  "config": {
    "ignore_vines": true,
    "force_dirt": false,
    "minimum_size": {
      "type": "minecraft:two_layers_feature_size",
      "min_clipped_height": 0,
      "limit": 1,
      "lower_size": 0,
      "upper_size": 1
    },
    "dirt_provider": {
      "type": "minecraft:simple_state_provider",
      "state": {
        "Name": "minecraft:oak_wood",
        "Properties": {
          "axis": "y"
        }
      }
    },
    "trunk_provider": {
      "type": "minecraft:simple_state_provider",
      "state": {
        "Name": "minecraft:oak_log",
        "Properties": {
          "axis": "y"
        }
      }
    },
    "foliage_provider": {
      "type": "minecraft:weighted_state_provider",
      "entries": [
        {
          "weight": 3,
          "data": {
            "Name": "minecraft:oak_leaves",
            "Properties": {
              "distance": "7",
              "persistent": "false",
              "waterlogged": "false"
            }
          }
        }
      ]
    },
    "trunk_placer": {
      "type": "minecraft:straight_trunk_placer",
      "base_height": 2,
      "height_rand_a": 2,
      "height_rand_b": 0
    },
    "foliage_placer": {
      "type": "minecraft:fancy_foliage_placer",
      "radius": {
        "type": "minecraft:uniform",
        "value": {
          "min_inclusive": 2,
          "max_inclusive": 3
        }
      },
      "offset": 2,
      "height": 3
    },
    "decorators": [
      {
        "type": "minecraft:beehive",
        "probability": 0.005
      },
      {
        "type": "minecraft:attached_to_leaves",
        "probability": 0.66,
        "exclusion_radius_xz": 1,
        "exclusion_radius_y": 0,
        "required_empty_blocks": 1,
        "block_provider": {
          "type": "minecraft:simple_state_provider",
          "state": {
            "Name": "minecraft:oak_leaves",
            "Properties": {
              "distance": "7",
              "persistent": "false",
              "waterlogged": "false"
            }
          }
        },
        "directions": [
          "down"
        ]
      }
    ]
  }
}