{
  "type": "minecraft:crafting_shaped",
  "pattern": [
    "NHN",
    "GIG",
    "NGN"
  ],
  "key": {
    "N": {
      "item": "minecraft:netherite_ingot"
    },
    "H": {
      "item": "minecraft:honeycomb_block"
    },
    "G": {
      "item": "minecraft:tinted_glass"
    },
    "I": [
      {
        "item": "minecraft:ink_sac"
      },
      {
        "item": "minecraft:glow_ink_sac"
      }
    ]
  },
  "result": {
    "item": "minecraft:knowledge_book"
  }
}
