{
  "fallback": "minecraft:empty",
  "elements": [
   {
      "weight": 1,
      "element": {
        "element_type": "minecraft:legacy_single_pool_element",
        "projection": "rigid",
        "location": "minecraft:village/taiga/taiga_lamp_post_1",
        "processors": {
          "processors": []
        }
      }
    },
    {
      "weight": 1,
      "element": {
        "element_type": "minecraft:legacy_single_pool_element",
        "projection": "rigid",
        "location": "minecraft:village/taiga/taiga_decoration_1",
        "processors": {
          "processors": []
        }
      }
    },
    {
      "weight": 1,
      "element": {
        "element_type": "minecraft:legacy_single_pool_element",
        "projection": "rigid",
        "location": "minecraft:village/taiga/taiga_decoration_5",
        "processors": {
          "processors": []
        }
      }
    },
    {
      "weight": 1,
      "element": {
        "element_type": "minecraft:legacy_single_pool_element",
        "projection": "rigid",
        "location": "minecraft:village/taiga/taiga_decoration_6",
        "processors": {
          "processors": []
        }
      }
    },
    {
      "weight": 2,
      "element": {
        "element_type": "minecraft:legacy_single_pool_element",
        "projection": "rigid",
        "location": "minecraft:village/plains/plains_lamp_1",
        "processors": {
          "processors": []
        }
      }
    },
    {
      "weight": 2,
      "element": {
        "element_type": "minecraft:feature_pool_element",
        "projection": "rigid",
        "feature": "minecraft:pile_hay"
      }
    },
    {
      "weight": 1,
      "element": {
        "element_type": "minecraft:feature_pool_element",
        "projection": "rigid",
        "feature": "minecraft:pile_pumpkin"
      }
    },
    {
      "weight": 2,
      "element": {
        "element_type": "minecraft:empty_pool_element"
      }
    }
  ]
}
