{
    "config": {
      "decorators": [
        {
          "type": "minecraft:beehive",
          "probability": 0.005
        }
      ],
      "ignore_vines": true,
      "force_dirt": false,
      "dirt_provider": {
        "state": {
          "Name": "minecraft:dirt"
        },
        "type": "minecraft:simple_state_provider"
      },
      "minimum_size": {
        "limit": 1,
        "lower_size": 0,
        "upper_size": 1,
        "type": "minecraft:two_layers_feature_size"
      },
      "trunk_provider": {
        "state": {
          "Properties": {
            "axis": "y"
          },
          "Name": "minecraft:birch_log"
        },
        "type": "minecraft:simple_state_provider"
      },
      "trunk_placer": {
        "base_height": 9,
        "height_rand_a": 2,
        "height_rand_b": 7,
        "type": "minecraft:straight_trunk_placer"
      },
      "foliage_provider": {
        "state": {
          "Properties": {
            "persistent": "false",
            "distance": "7"
          },
          "Name": "minecraft:birch_leaves"
        },
        "type": "minecraft:simple_state_provider"
      },
      "foliage_placer": {
        "radius": 2,
        "offset": {
          "type": "minecraft:uniform",
          "value": {
            "min_inclusive": 2,
            "max_inclusive": 4
          }
        },
        "trunk_height": {
          "type": "minecraft:uniform",
          "value": {
            "min_inclusive": 2,
            "max_inclusive": 5
          }
        },
        "type": "minecraft:spruce_foliage_placer"
      }
    },
    "type": "minecraft:tree"
  }