{
	"display": {
		"icon": {
			"item": "minecraft:player_head",
			"nbt": "{SkullOwner:{Id:[I;315814816,-1478801991,-1911738820,-775456178],Name:\"Guardian\",Properties:{textures:[{Value:\"eyJ0ZXh0dXJlcyI6eyJTS0lOIjp7InVybCI6Imh0dHA6Ly90ZXh0dXJlcy5taW5lY3JhZnQubmV0L3RleHR1cmUvZTJiYTM0NDE2NjcwNDU0YjFhMjA0OTZmODBiOTM5ODUyOWY0OTAwM2ZjNjEzZWI5MzAyNDhlYTliNWQxYTM5MSJ9fX0=\"}]}}}"
		},
		"title": "Guardians Improve Over Time",
		"description": ["",{"text":"Guardians get stronger the longer you play.","color":"aqua"}],
		"show_toast": false,
		"announce_to_chat": false
	},
    "parent": "knize1007:hostile_mobs_root",
	"criteria": {
		"tick": {
			"trigger": "minecraft:tick"
		}
	}
}
