{
  "pools": [
    {
      "rolls": 1,
      "entries": [
        {
          "type": "minecraft:item",
          "name": "minecraft:leather_boots",
          "functions": [
            {
              "function": "minecraft:set_lore",
              "lore": [
                {
                  "translate": "ps-spell.brushoes.desc",
                  "color": "gray",
                  "italic": false
                },
                [
                  " ",
                  {
                    "translate": "ps-spell.brushoes.desc2",
                    "color": "blue",
                    "italic": false
                  }
                ]
              ]
            },
            {
              "function": "minecraft:set_name",
              "name": {
                "translate": "ps-spell.brushoes.name",
                "color": "#7565B5",
                "italic": false
              }
            },
            {
              "function": "minecraft:set_nbt",
              "tag": "{HideFlags:66,element:{stat:{ink:800}},display:{color:2037033}}"
            },
            {
              "function": "minecraft:set_attributes",
              "modifiers": [
                {
                  "attribute": "minecraft:generic.luck",
                  "name": "tungsten.feet",
                  "amount": -2e-12,
                  "operation": "addition",
                  "id": "0000000c-0000-a455-0000-00000000000f",
                  "slot": "feet"
                }
              ]
            }
          ]
        }
      ]
    }
  ]
}
