{
  "pools": [
    {
      "rolls": 1,
      "entries": [
        {
          "type": "minecraft:item",
          "name": "minecraft:player_head",
          "functions": [
            {
              "function": "minecraft:set_lore",
              "lore": [
                {
                  "translate": "ps-spell.inkwell.desc",
                  "color": "gray",
                  "italic": false
                },
                [
                  " ",
                  {
                    "translate": "ps-spell.inkwell.desc2",
                    "color": "blue",
                    "italic": false
                  }
                ]
              ]
            },
            {
              "function": "minecraft:set_name",
              "name": {
                "translate": "ps-spell.inkwell.name",
                "color": "#7565B5",
                "italic": false
              }
            },
            {
              "function": "minecraft:set_nbt",
              "tag": "{HideFlags:2,SkullOwner:{Id:[I;-1966136048,1703626578,-1675580466,-755182553],Properties:{textures:[{Value:\"eyJ0ZXh0dXJlcyI6eyJTS0lOIjp7InVybCI6Imh0dHA6Ly90ZXh0dXJlcy5taW5lY3JhZnQubmV0L3RleHR1cmUvOTAyOGQ0NzRjNGEzMzJkY2Y4ZTM0Mzk1N2NlMGNhNGVlYmFjZTI1OGMzN2Y2ZDkwNGNmMjI4ZDM0NTY3ZjU1MSJ9fX0=\"}]}},element:{stat:{ink:20000}}}"
            },
            {
              "function": "minecraft:copy_nbt",
              "source": {
                "type": "minecraft:storage",
                "source": "ps:spell"
              },
              "ops": [
                {
                  "source": "cuid",
                  "target": "cuid",
                  "op": "replace"
                }
              ]
            },
            {
              "function": "minecraft:set_attributes",
              "modifiers": [
                {
                  "attribute": "minecraft:generic.luck",
                  "name": "tungsten.head",
                  "amount": -2e-12,
                  "operation": "addition",
                  "id": "0000000c-0000-a455-0000-00000000000c",
                  "slot": "head"
                }
              ]
            }
          ]
        }
      ]
    }
  ]
}
