{
  "pools": [
    {
      "rolls": 1,
      "entries": [
        {
          "type": "minecraft:item",
          "name": "minecraft:ender_eye",
          "functions": [
            {
              "function": "minecraft:set_lore",
              "lore": [
                {
                  "translate": "ps-spell.quill.desc",
                  "color": "gray",
                  "italic": false
                },
                [
                  " ",
                  {
                    "translate": "ps-spell.quill.desc2",
                    "color": "blue",
                    "italic": false
                  }
                ]
              ]
            },
            {
              "function": "minecraft:set_name",
              "name": {
                "translate": "ps-spell.quill.name",
                "color": "#7565B5",
                "italic": false
              }
            },
            {
              "function": "minecraft:set_nbt",
              "tag": "{HideFlags:2,CustomModelData:12310,ps-spell:{catalyst:1b},element:{catalyst:1b}}"
            },
            {
              "function": "minecraft:copy_nbt",
              "source": {
                "type": "minecraft:storage",
                "source": "ps:spell"
              },
              "ops": [
                {
                  "source": "cuid",
                  "target": "cuid",
                  "op": "replace"
                }
              ]
            },
            {
              "function": "minecraft:set_attributes",
              "modifiers": [
                {
                  "attribute": "minecraft:generic.luck",
                  "name": "tungsten.offhand",
                  "amount": -2e-12,
                  "operation": "addition",
                  "id": "0000000c-0000-a455-0000-00000000000b",
                  "slot": "offhand"
                }
              ]
            }
          ]
        }
      ]
    }
  ]
}
