{
  "pools": [
    {
      "rolls": 1,
      "entries": [
        {
          "type": "minecraft:item",
          "name": "minecraft:leather_horse_armor",
          "functions": [
            {
              "function": "minecraft:set_lore",
              "lore": [
                {
                  "translate": "ps-spell.spell.desc",
                  "color": "gray",
                  "italic": false
                },
                "",
                {
                  "translate": "ps-spell.spell.desc2",
                  "color": "blue",
                  "italic": false
                }
              ]
            },
            {
              "function": "minecraft:set_name",
              "name": {
                "text": ""
              }
            },
            {
              "function": "minecraft:set_nbt",
              "tag": "{ps-spell:{name:'{\"text\":\"\"}'},HideFlags:66,CustomModelData:12311,display:{color:16777215},element:{stat:{spell_id:12311}}}"
            },
            {
              "function": "minecraft:set_attributes",
              "modifiers": [
                {
                  "attribute": "minecraft:generic.luck",
                  "name": "tungsten.mainhand",
                  "amount": -2e-12,
                  "operation": "addition",
                  "id": "0000000c-0000-a455-0000-00000000000a",
                  "slot": "mainhand"
                }
              ]
            }
          ]
        }
      ]
    }
  ]
}
