{
    "type": "minecraft:flat_cache",
    "argument": {
        "type": "minecraft:clamp",
        "input": {
            "type": "minecraft:range_choice",
            "input": "tectonic:overworld/noise/continents",
            "min_inclusive": -64,
            "max_exclusive": -0.6,
            "when_in_range": {
                "type": "minecraft:noise",
                "noise": "tectonic:island",
                "xz_scale": 0.25,
                "y_scale": 0
            },
            "when_out_of_range": {
                "type": "minecraft:shifted_noise",
                "noise": "minecraft:erosion",
                "xz_scale": 0.25,
                "y_scale": 0,
                "shift_x": "minecraft:shift_x",
                "shift_y": 0,
                "shift_z": "minecraft:shift_z"
            }
        },
        "min": -1,
        "max": 1
    }
}