{
  "type": "minecraft:min",
  "argument1": {
    "type": "minecraft:min",
    "argument1": {
      "type": "minecraft:min",
      "argument1": {
        "type": "minecraft:squeeze",
        "argument": {
          "type": "minecraft:mul",
          "argument1": 0.64,
          "argument2": {
            "type": "minecraft:interpolated",
            "argument": {
              "type": "minecraft:blend_density",
              "argument": {
                "type": "minecraft:add",
                "argument1": 0.1171875,
                "argument2": {
                  "type": "minecraft:mul",
                  "argument1": {
                    "type": "minecraft:y_clamped_gradient",
                    "from_y": -64,
                    "to_y": -40,
                    "from_value": 0,
                    "to_value": 1
                  },
                  "argument2": {
                    "type": "minecraft:add",
                    "argument1": -0.1171875,
                    "argument2": {
                      "type": "minecraft:add",
                      "argument1": -0.078125,
                      "argument2": {
                        "type": "minecraft:mul",
                        "argument1": {
                          "type": "minecraft:y_clamped_gradient",
                          "from_y": 304,
                          "to_y": 320,
                          "from_value": 1,
                          "to_value": 0
                        },
                        "argument2": {
                          "type": "minecraft:add",
                          "argument1": 0.078125,
                          "argument2": {
                            "type": "minecraft:range_choice",
                            "input": "tectonic:overworld/noise/depth_with_hoodoos",
                            "min_inclusive": -1000000,
                            "max_exclusive": 0.2,
                            "when_in_range": "tectonic:overworld/special/sloped_cheese",
                            "when_out_of_range": "tectonic:overworld/caves/total"
                          }
                        }
                      }
                    }
                  }
                }
              }
            }
          }
        }
      },
      "argument2": "tectonic:overworld/caves/cave_noodle"
    },
    "argument2": "tectonic:overworld/special/oceanside_cliffs/total"
  },
  "argument2": "tectonic:overworld/special/underground_rivers/total"
}