{
    "display": {
        "title": {
            "text": "Wandering Merchant",
            "bold": false,
            "italic": true,
            "color": "aqua"
        },
        "description": {
            "text": "Find a Rogue Merchant",
            "color": "gray"
        },
        "icon": {
            "item": "minecraft:amethyst_shard"
        },
        "frame": "task",
        "show_toast": true,
        "announce_to_chat": true,
        "hidden": false
    },
    "criteria": {
        "cloudtraders": {
            "trigger": "minecraft:player_interacted_with_entity",
            "conditions": {
                "entity": {
                    "type": "minecraft:wandering_trader",
                    "nbt": "{Tags:[merchant]}"
                }
            }
        }
    },
    "parent": "gd:root"
}