{
    "display": {
        "title": {
            "text": "Suspicious Surprise",
            "bold": false,
            "italic": true,
		"color": "dark_purple"
        },
        "description": {
            "text": "Defeat Kaidaia the Alluring",
		"color": "gray"
        },
        "icon": {
            "item": "minecraft:skeleton_skull"
        },
        "frame": "challenge",
        "show_toast": true,
        "announce_to_chat": true,
        "hidden": false
    },
    "criteria": {
        "bosskaidaia": {
            "trigger": "minecraft:player_killed_entity",
            "conditions": {
                "entity": {
                    "nbt": "{Tags:[Boss_Kaidaia]}"
                }
            }
        }
    },
    "parent": "gd:root"
}