{
  "type": "minecraft:chest",
  "pools": [
    {
      "bonus_rolls": 0.0,
      "entries": [
        {
          "type": "minecraft:item",
          "name": "minecraft:book",
          "weight": 8,
          "functions": [
            {
              "function": "minecraft:enchant_with_levels",
              "levels": 20
            }
          ]
        },
        {
          "type": "minecraft:item",
          "name": "minecraft:golden_apple",
          "weight": 2
        },
        {
          "type": "minecraft:item",
          "name": "minecraft:gold_ingot",
          "weight": 17
        },
        {
          "type": "minecraft:item",
          "name": "minecraft:potion",
          "weight": 5,
          "functions": [
            {
              "function": "minecraft:set_potion",
              "id": "minecraft:strong_swiftness"
            }
          ]
        },
        {
          "type": "minecraft:item",
          "name": "minecraft:iron_ingot",
          "weight": 17
        },
        {
          "type": "minecraft:item",
          "name": "minecraft:bone",
          "weight": 25
        },
        {
          "type": "minecraft:item",
          "name": "minecraft:end_crystal",
          "weight": 10
        },
        {
          "type": "minecraft:item",
          "name": "minecraft:diamond_sword",
          "weight": 2,
          "functions": [
            {
              "function": "minecraft:enchant_with_levels",
              "levels": 25
            }
          ]
        },
        {
          "type": "minecraft:item",
          "name": "minecraft:diamond",
          "weight": 8
        }
      ],
      "rolls": 10
    },
    {
      "bonus_rolls": 0.0,
      "entries": [
        {
          "type": "minecraft:item",
          "name": "minecraft:skeleton_skull",
          "functions": [
            {
              "function": "minecraft:set_count",
              "count": {
                "max": 1,
                "min": 0
              }
            }
          ]
        }
      ],
      "rolls": 1.0
    } 
  ]
}