{
  "criteria": {
    "requirement": {
      "trigger": "minecraft:using_item",
      "conditions": {
        "player": [
          {
            "condition": "minecraft:inverted",
            "term": {
              "condition": "minecraft:value_check",
              "value": {
                "type": "minecraft:score",
                "target": {
                  "type": "minecraft:fixed",
                  "name": ".gametime"
                },
                "score": "element"
              },
              "range": {
                "min": -2147483648,
                "max": {
                  "type": "minecraft:score",
                  "target": "this",
                  "score": "element.stat.cd_until.mainhand"
                }
              }
            }
          },
          {
            "condition": "minecraft:inverted",
            "term": {
              "condition": "minecraft:value_check",
              "value": {
                "type": "minecraft:score",
                "target": "this",
                "score": "element.stat.spell_id.mainhand"
              },
              "range": 0
            }
          },
          {
            "condition": "minecraft:entity_properties",
            "entity": "this",
            "predicate": {
              "nbt": "{Tags:[\"element.spell.catalyst\"]}"
            }
          }
        ],
        "item": {
          "items": [
            "minecraft:ender_eye"
          ]
        }
      }
    }
  },
  "rewards": {
    "function": "element:spell/use_spell"
  }
}
