{
    "display": {
        "title": {
            "text": "Old Bones...",
            "bold": false,
            "italic": true,
		"color": "gold"
        },
        "description": {
            "text": "Defeat the Blighted Marrow",
		"color": "gray"
        },
        "icon": {
            "item": "minecraft:wither_skeleton_skull"
        },
        "frame": "challenge",
        "show_toast": true,
        "announce_to_chat": true,
        "hidden": false
    },
    "criteria": {
        "bossmarrow": {
            "trigger": "minecraft:player_killed_entity",
            "conditions": {
                "entity": {
                    "nbt": "{Tags:[Boss_Marrow]}"
                }
            }
        }
    },
    "parent": "gd:root"
}