{
    "display": {
        "title": {
            "text": "Way up There",
            "bold": false,
            "italic": true,
            "color": "aqua"
        },
        "description": {
            "text": "Find Cloud Traders",
            "color": "gray"
        },
        "icon": {
            "item": "minecraft:lapis_lazuli"
        },
        "frame": "task",
        "show_toast": true,
        "announce_to_chat": true,
        "hidden": false
    },
    "criteria": {
        "cloudtraders": {
            "trigger": "minecraft:player_interacted_with_entity",
            "conditions": {
                "entity": {
                    "type": "minecraft:villager",
                    "nbt": "{Tags:[captain]}"
                }
            }
        }
    },
    "parent": "gd:root"
}