{
    "display": {
        "title": {
            "text": "That will be fun!",
            "bold": false,
            "italic": true,
            "color": "yellow"
        },
        "description": {
            "text": "Reinforce Morbex Heavy Warbow",
		"color": "gray"
        },
        "icon": {
            "item": "minecraft:bow"
        },
        "frame": "goal",
        "show_toast": true,
        "announce_to_chat": true,
        "hidden": false
    },
    "criteria": {
        "fliciashield": {
            "trigger": "minecraft:inventory_changed",
            "conditions": {
                "items": [
                    {
                        "count": {
                            "min": 1,
                            "max": 1
                        },
                        "item": "minecraft:bow",
                        "nbt": "{warbow_reinforced:1b}"
                    }
                ]
            }
        }
    },
    "parent": "gd:adv8"
}