{
    "display": {
        "title": {
            "text": "Gravestone Dungeons",
            "bold": false,
            "italic": true,
            "underlined": false,
            "strikethrough": false,
            "obfuscated": false,
            "color": "gold"
        },
        "description": {
            "text": "Thus the Story begins...",
            "color": "gray"
        },
        "icon": {
            "item": "minecraft:wither_rose"
        },
        "frame": "task",
        "show_toast": true,
        "announce_to_chat": true,
        "hidden": false,
        "background": "minecraft:textures/gui/advancements/backgrounds/stone.png"
    },
    "criteria": {
        "start": {
            "trigger": "minecraft:tick"
            }
        }
    }
}