{
    "type": "minecraft:random_selector",
    "config": {
        "features": [
            {
                "chance": 0.2,
                "feature": {
                    "feature": {
                        "type": "minecraft:tree",
                        "config": {
                            "ignore_vines": true,
                            "force_dirt": false,
                            "minimum_size": {
                                "type": "minecraft:two_layers_feature_size",
                                "limit": 1,
                                "lower_size": 0,
                                "upper_size": 1
                            },
                            "dirt_provider": {
                                "type": "minecraft:simple_state_provider",
                                "state": {
                                    "Name": "minecraft:dirt"
                                }
                            },
                            "trunk_provider": {
                                "type": "minecraft:simple_state_provider",
                                "state": {
                                    "Name": "minecraft:oak_log",
                                    "Properties": {
                                        "axis": "y"
                                    }
                                }
                            },
                            "foliage_provider": {
                                "type": "minecraft:simple_state_provider",
                                "state": {
                                    "Name": "minecraft:oak_leaves",
                                    "Properties": {
                                        "distance": "7",
                                        "persistent": "false",
                                        "waterlogged": "false"
                                    }
                                }
                            },
                            "trunk_placer": {
                                "type": "minecraft:straight_trunk_placer",
                                "base_height": 6,
                                "height_rand_a": 2,
                                "height_rand_b": 0
                            },
                            "foliage_placer": {
                                "type": "minecraft:blob_foliage_placer",
                                "radius": 2,
                                "offset": 0,
                                "height": 3
                            },
                            "decorators": [
                                {
                                    "type": "minecraft:beehive",
                                    "probability": 0.005
                                },
                                {
                                    "type": "minecraft:trunk_vine"
                                }
                            ]
                        }
                    },
                    "placement": []
                }
            }
        ],
        "default": {
            "feature": {
                "type": "minecraft:tree",
                "config": {
                    "ignore_vines": true,
                    "force_dirt": false,
                    "minimum_size": {
                        "type": "minecraft:two_layers_feature_size",
                        "limit": 1,
                        "lower_size": 0,
                        "upper_size": 1
                    },
                    "dirt_provider": {
                        "type": "minecraft:simple_state_provider",
                        "state": {
                            "Name": "minecraft:dirt"
                        }
                    },
                    "trunk_provider": {
                        "type": "minecraft:simple_state_provider",
                        "state": {
                            "Name": "minecraft:oak_log",
                            "Properties": {
                                "axis": "y"
                            }
                        }
                    },
                    "foliage_provider": {
                        "type": "minecraft:simple_state_provider",
                        "state": {
                            "Name": "minecraft:oak_leaves",
                            "Properties": {
                                "distance": "7",
                                "persistent": "false",
                                "waterlogged": "false"
                            }
                        }
                    },
                    "trunk_placer": {
                        "type": "minecraft:straight_trunk_placer",
                        "base_height": 6,
                        "height_rand_a": 2,
                        "height_rand_b": 0
                    },
                    "foliage_placer": {
                        "type": "minecraft:blob_foliage_placer",
                        "radius": 2,
                        "offset": 0,
                        "height": 3
                    },
                    "decorators": [
                        {
                            "type": "minecraft:beehive",
                            "probability": 0.005
                        }
                    ]
                }
            },
            "placement": []
        }
    }
}