{
	"display": {
		"icon": {
			"item": "player_head",
			"nbt": "{SkullOwner:{Id:[I;761166562,-715371631,-2067037693,-1073046345],Name:\"Witch\",Properties:{textures:[{Value:\"eyJ0ZXh0dXJlcyI6eyJTS0lOIjp7InVybCI6Imh0dHA6Ly90ZXh0dXJlcy5taW5lY3JhZnQubmV0L3RleHR1cmUvYTUyMGYxMmM2M2M3OTEyMTg2YzRiZTRlMzBjMzNjNWFjYWVjMGRiMGI2YWJkODM2ZDUxN2Q3NGE2MjI3NWQ0YiJ9fX0=\"}]}}}"
			},
		"title": "Witches Improve Over Time",
		"description": ["",{"text":"Witches get stronger the longer you play.","color":"aqua"}],
		"show_toast": false,
		"announce_to_chat": false
	},
    "parent": "knize1007:hostile_mobs_root",
	"criteria": {
		"tick": {
			"trigger": "minecraft:tick"
		}
	}
}
