[
    {
      "condition": "minecraft:alternative",
      "terms": [
        {
          "condition": "minecraft:entity_properties",
          "entity": "this",
          "predicate": {
            "type_specific": {
              "type": "player",
              "gamemode": "adventure"
            }
          }
        },
        {
          "condition": "minecraft:entity_properties",
          "entity": "this",
          "predicate": {
            "type_specific": {
              "type": "player",
              "gamemode": "survival"
            }
          }
        }
      ]
    },
    {
      "condition": "minecraft:inverted",
      "term": {
        "condition": "minecraft:entity_properties",
        "entity": "this",
        "predicate": {
          "nbt": "{Air:300s}"
        }
      }
    },
    {
      "condition": "minecraft:inverted",
      "term": {
        "condition": "minecraft:entity_properties",
        "entity": "this",
        "predicate": {
          "nbt": "{Tags:[\"hexenwerk.debug\"]}"
        }
      }
    }
  ]
  