{
  "type": "minecraft:disk",
  "config": {
    "state_provider": {
      "fallback": {
        "type": "minecraft:noise_provider",
        "seed": 346896345,
        "noise": {
          "firstOctave": -8,
          "amplitudes": [
            2,
            2,
            1
          ]
        },
        "scale": 1,
        "states": [
          {
            "Name": "minecraft:gravel"
          },
          {
            "Name": "minecraft:gravel"
          },
          {
            "Name": "minecraft:gravel"
          },
          {
            "Name": "minecraft:gravel"
          },
          {
            "Name": "minecraft:gravel"
          },
          {
            "Name": "minecraft:gravel"
          },
          {
            "Name": "minecraft:clay"
          },
          {
            "Name": "minecraft:gravel"
          },
          {
            "Name": "minecraft:gravel"
          },
          {
            "Name": "minecraft:gravel"
          },
          {
            "Name": "minecraft:gravel"
          },
          {
            "Name": "minecraft:gravel"
          },
          {
            "Name": "minecraft:gravel"
          }
        ]
      },
      "rules": []
    },
    "target": {
      "type": "minecraft:matching_blocks",
      "blocks": "minecraft:gravel"
    },
    "radius": 4,
    "half_height": 3
  }
}