{
  "pools": [
    {
      "rolls": 1,
      "entries": [
        {
          "type": "minecraft:item",
          "name": "minecraft:repeating_command_block",
          "functions": [
            {
              "function": "minecraft:set_nbt",
              "tag": "{display:{Name:'{\"translate\":\"item.hexenwerk.magical_crystal\",\"color\":\"#62DEDE\",\"italic\":false}'},CustomModelData:1725,hexenwerk-magical_crystal:1b,BlockEntityTag:{Command:\"setblock ~ ~ ~ air\",auto:1b}}"
            }
          ]
        }
      ]
    }
  ]
}
