{
  "pools": [
    {
      "rolls": {
        "min": 1,
        "max": 2
      },
      "entries": [
        {
          "type": "minecraft:item",
          "name": "minecraft:command_block",
          "functions": [
            {
              "function": "minecraft:set_nbt",
              "tag": "{display:{Name:'{\"translate\":\"item.hexenwerk.magical_shard\",\"color\":\"#62DEDE\",\"italic\":false}'},CustomModelData:1725,hexenwerk-magical_shard:1b,BlockEntityTag:{Command:\"setblock ~ ~ ~ air\",auto:1b}}"
            }
          ]
        }
      ]
    }
  ]
}
