{
	"display": {
		"icon": {
			"item": "minecraft:player_head",
			"nbt": "{SkullOwner:{Id:[I;1972761510,769281580,-2118093684,-1152804129],Name:\"\",Properties:{textures:[{Value:\"eyJ0ZXh0dXJlcyI6eyJTS0lOIjp7InVybCI6Imh0dHA6Ly90ZXh0dXJlcy5taW5lY3JhZnQubmV0L3RleHR1cmUvZGUyOGU2NjI5YjZlZDFkYTk0ZDRhODE4NzYxNjEyYzM2ZmIzYTY4MTNjNGI2M2ZiOWZlYTUwNzY0MTVmM2YwYyJ9fX0=\"}]}}}"
		},
		"title": "Spiders Improve Over Time",
		"description": ["",{"text":"Spiders get stronger the longer you play.","color":"aqua"}],
		"show_toast": false,
		"announce_to_chat": false
	},
    "parent": "knize1007:hostile_mobs_root",
	"criteria": {
		"tick": {
			"trigger": "minecraft:tick"
		}
	}
}
