{
  "name": "gd:small_dungeon_start",
  "fallback": "minecraft:empty",
  "elements": [
    {
      "weight": 1,
      "element": {
        "element_type": "minecraft:single_pool_element",
        "location": "gd:small_dungeon/witch_hut_1",
        "projection": "rigid",
        "processors": "gd:small_dungeon"
      }
    },{
      "weight": 1,
      "element": {
        "element_type": "minecraft:single_pool_element",
        "location": "gd:small_dungeon/witch_hut_2",
        "projection": "rigid",
        "processors": "gd:small_dungeon"
      }
    }
  ]
}
