{
  "name": "gd:merchant",
  "fallback": "minecraft:empty",
  "elements": [
    {
      "weight": 20,
      "element": {
        "element_type": "minecraft:single_pool_element",
        "location": "gd:small_dungeon/feature1",
        "projection": "rigid",
        "processors": "gd:small_dungeon"
      }
    },{
      "weight": 20,
      "element": {
        "element_type": "minecraft:single_pool_element",
        "location": "gd:small_dungeon/feature2",
        "projection": "rigid",
        "processors": "gd:small_dungeon"
      }
    },{
      "weight": 20,
      "element": {
        "element_type": "minecraft:single_pool_element",
        "location": "gd:small_dungeon/witch_hut_1",
        "projection": "rigid",
        "processors": "gd:small_dungeon"
      }
    },{
      "weight": 20,
      "element": {
        "element_type": "minecraft:single_pool_element",
        "location": "gd:small_dungeon/witch_hut_1_bottom",
        "projection": "rigid",
        "processors": "gd:small_dungeon"
      }
    },{
      "weight": 20,
      "element": {
        "element_type": "minecraft:single_pool_element",
        "location": "gd:small_dungeon/witch_hut_2",
        "projection": "rigid",
        "processors": "gd:small_dungeon"
      }
    }

  ]
}
