{
	"display": {
		"icon": {
			"item": "minecraft:player_head",
			"nbt": "{SkullOwner:{Id:[I;-44506356,1970291713,-1814172632,-1194518028],Name:\"\",Properties:{textures:[{Value:\"eyJ0ZXh0dXJlcyI6eyJTS0lOIjp7InVybCI6Imh0dHA6Ly90ZXh0dXJlcy5taW5lY3JhZnQubmV0L3RleHR1cmUvZWI0ZGIyOTg2MTQwZTI1MWUzMmU3MGVkMDhjOGEwODE3MjAzMTNjZTI1NzYzMmJlMWVmOTRhMDczNzM5NGRiIn19fQ==\"}]}}}"
		},
		"title": "Ravagers Improve Over Time",
		"description": ["",{"text":"Ravagers get stronger the longer you play.","color":"aqua"}],
		"show_toast": false,
		"announce_to_chat": false
	},
    "parent": "knize1007:hostile_mobs_root",
	"criteria": {
		"tick": {
			"trigger": "minecraft:tick"
		}
	}
}
