{
	"display": {
		"icon": {
			"item": "minecraft:player_head",
			"nbt": "{SkullOwner:{Id:[I;12782162,-588822498,-1170731033,1974792938],Name:\"Endermite\",Properties:{textures:[{Value:\"eyJ0ZXh0dXJlcyI6eyJTS0lOIjp7InVybCI6Imh0dHA6Ly90ZXh0dXJlcy5taW5lY3JhZnQubmV0L3RleHR1cmUvOGM2YjY1YzIyYjQ0NjViYTY3OTNiMjE5NWNkNTA4NGNlODNiODhkY2E2ZTU1ZWI5NDg0NTQwYWNkNzM1MmE1MCJ9fX0=\"}]}}}"
		},
		"title": "Endermites Improve Over Time",
		"description": ["",{"text":"Endermites get stronger the longer you play.","color":"aqua"}],
		"show_toast": false,
		"announce_to_chat": false
	},
    "parent": "knize1007:hostile_mobs_root",
	"criteria": {
		"tick": {
			"trigger": "minecraft:tick"
		}
	}
}
