{
  "type": "minecraft:flat_cache",
  "argument": {
    "type": "minecraft:cache_2d",
    "argument": {
      "type": "minecraft:add",
      "argument1": {
        "type": "minecraft:add",
        "argument1": {
          "type": "minecraft:mul",
          "argument1": 1.125,
          "argument2": {
            "type": "minecraft:spline",
            "spline": {
              "coordinate": "tectonic:overworld/noise/continents",
              "points": [
                {
                  "location": -0.7,
                  "derivative": 0,
                  "value": {
                    "coordinate": "minecraft:overworld/erosion",
                    "points": [
                      {
                        "location": -0.7,
                        "derivative": 0,
                        "value": 0.025
                      },
                      {
                        "location": -0.4,
                        "derivative": 0,
                        "value": -0.45
                      },
                      {
                        "location": 0.4,
                        "derivative": 0,
                        "value": -0.45
                      },
                      {
                        "location": 0.7,
                        "derivative": 0,
                        "value": 0.003
                      }
                    ]
                  }
                },
                {
                  "location": -0.6,
                  "derivative": 0,
                  "value": -0.45
                },
                {
                  "location": -0.45,
                  "derivative": 0,
                  "value": -0.45
                },
                {
                  "location": -0.35,
                  "derivative": 0,
                  "value": -0.15
                },
                {
                  "location": -0.22,
                  "derivative": 0,
                  "value": -0.125
                },
                {
                  "location": -0.155,
                  "derivative": 0,
                  "value": {
                    "coordinate": "tectonic:overworld/noise/erosion_folded",
                    "points": [
                      {
                        "location": 0.12,
                        "derivative": 0,
                        "value": {
                          "coordinate": "minecraft:overworld/ridges",
                          "points": [
                            {
                              "location": -0.8,
                              "derivative": 0,
                              "value": 0.2
                            },
                            {
                              "location": -0.4,
                              "derivative": 0,
                              "value": 0.3
                            },
                            {
                              "location": -0.066,
                              "derivative": 0,
                              "value": 0.2
                            },
                            {
                              "location": -0.065,
                              "derivative": -8,
                              "value": 0.2
                            },
                            {
                              "location": 0,
                              "derivative": 0,
                              "value": -0.1
                            },
                            {
                              "location": 0.065,
                              "derivative": 8,
                              "value": 0.006
                            },
                            {
                              "location": 0.066,
                              "derivative": 0,
                              "value": 0.006
                            },
                            {
                              "location": 0.4,
                              "derivative": 0,
                              "value": 0.006
                            },
                            {
                              "location": 0.8,
                              "derivative": 0,
                              "value": 0.006
                            }
                          ]
                        }
                      },
                      {
                        "location": 0.25,
                        "derivative": 0,
                        "value": {
                          "coordinate": "minecraft:overworld/ridges",
                          "points": [
                            {
                              "location": -0.065,
                              "derivative": 0,
                              "value": 0.006
                            },
                            {
                              "location": 0,
                              "derivative": 0,
                              "value": -0.1
                            },
                            {
                              "location": 0.065,
                              "derivative": 0,
                              "value": 0.006
                            }
                          ]
                        }
                      },
                      {
                        "location": 0.825,
                        "derivative": 0,
                        "value": {
                          "coordinate": "minecraft:overworld/ridges",
                          "points": [
                            {
                              "location": -0.065,
                              "derivative": 0,
                              "value": 0.006
                            },
                            {
                              "location": 0,
                              "derivative": 0,
                              "value": -0.1
                            },
                            {
                              "location": 0.065,
                              "derivative": 0,
                              "value": 0.006
                            }
                          ]
                        }
                      },
                      {
                        "location": 0.85,
                        "derivative": 0,
                        "value": {
                          "coordinate": "minecraft:overworld/ridges_folded",
                          "points": [
                            {
                              "location": 0,
                              "derivative": 0,
                              "value": -0.065
                            },
                            {
                              "location": 0.065,
                              "derivative": 0,
                              "value": -0.015
                            }
                          ]
                        }
                      }
                    ]
                  }
                },
                {
                  "location": -0.135,
                  "derivative": 0,
                  "value": {
                    "coordinate": "tectonic:overworld/noise/erosion_folded",
                    "points": [
                      {
                        "location": 0.12,
                        "derivative": 0,
                        "value": {
                          "coordinate": "minecraft:overworld/ridges",
                          "points": [
                            {
                              "location": -0.8,
                              "derivative": 0,
                              "value": 0.2
                            },
                            {
                              "location": -0.4,
                              "derivative": 0,
                              "value": 0.3
                            },
                            {
                              "location": -0.066,
                              "derivative": 0,
                              "value": 0.2
                            },
                            {
                              "location": -0.065,
                              "derivative": -8,
                              "value": 0.2
                            },
                            {
                              "location": 0,
                              "derivative": 0,
                              "value": -0.08
                            },
                            {
                              "location": 0.065,
                              "derivative": 8,
                              "value": 0.01
                            },
                            {
                              "location": 0.066,
                              "derivative": 0,
                              "value": 0.01
                            },
                            {
                              "location": 0.4,
                              "derivative": 0,
                              "value": 0.01
                            },
                            {
                              "location": 0.8,
                              "derivative": 0,
                              "value": 0.01
                            }
                          ]
                        }
                      },
                      {
                        "location": 0.25,
                        "derivative": 0,
                        "value": {
                          "coordinate": "minecraft:overworld/ridges",
                          "points": [
                            {
                              "location": -0.065,
                              "derivative": 0,
                              "value": 0.006
                            },
                            {
                              "location": 0,
                              "derivative": 0,
                              "value": -0.08
                            },
                            {
                              "location": 0.065,
                              "derivative": 0,
                              "value": 0.006
                            }
                          ]
                        }
                      },
                      {
                        "location": 0.825,
                        "derivative": 0,
                        "value": {
                          "coordinate": "minecraft:overworld/ridges",
                          "points": [
                            {
                              "location": -0.065,
                              "derivative": 0,
                              "value": 0.006
                            },
                            {
                              "location": 0,
                              "derivative": 0,
                              "value": -0.08
                            },
                            {
                              "location": 0.065,
                              "derivative": 0,
                              "value": 0.006
                            }
                          ]
                        }
                      },
                      {
                        "location": 0.85,
                        "derivative": 0,
                        "value": {
                          "coordinate": "minecraft:overworld/ridges_folded",
                          "points": [
                            {
                              "location": 0,
                              "derivative": 0,
                              "value": -0.08
                            },
                            {
                              "location": 0.065,
                              "derivative": 0,
                              "value": -0.015
                            }
                          ]
                        }
                      }
                    ]
                  }
                },
                {
                  "location": -0.12,
                  "derivative": 0,
                  "value": {
                    "coordinate": "tectonic:overworld/noise/erosion_folded",
                    "points": [
                      {
                        "location": 0.12,
                        "derivative": 0,
                        "value": {
                          "coordinate": "minecraft:overworld/ridges",
                          "points": [
                            {
                              "location": -0.8,
                              "derivative": 0,
                              "value": 0.2
                            },
                            {
                              "location": -0.4,
                              "derivative": 0,
                              "value": 0.3
                            },
                            {
                              "location": -0.066,
                              "derivative": 0,
                              "value": 0.2
                            },
                            {
                              "location": -0.065,
                              "derivative": -8,
                              "value": 0.2
                            },
                            {
                              "location": 0,
                              "derivative": 0,
                              "value": -0.065
                            },
                            {
                              "location": 0.065,
                              "derivative": 8,
                              "value": 0.2
                            },
                            {
                              "location": 0.066,
                              "derivative": 0,
                              "value": 0.2
                            },
                            {
                              "location": 0.4,
                              "derivative": 0,
                              "value": 0.3
                            },
                            {
                              "location": 0.8,
                              "derivative": 0,
                              "value": 0.2
                            }
                          ]
                        }
                      },
                      {
                        "location": 0.25,
                        "derivative": 0,
                        "value": {
                          "coordinate": "minecraft:overworld/ridges",
                          "points": [
                            {
                              "location": -0.065,
                              "derivative": 0,
                              "value": 0.006
                            },
                            {
                              "location": 0,
                              "derivative": 0,
                              "value": -0.065
                            },
                            {
                              "location": 0.065,
                              "derivative": 0,
                              "value": 0.006
                            }
                          ]
                        }
                      },
                      {
                        "location": 0.825,
                        "derivative": 0,
                        "value": {
                          "coordinate": "minecraft:overworld/ridges",
                          "points": [
                            {
                              "location": -0.065,
                              "derivative": 0,
                              "value": 0.006
                            },
                            {
                              "location": 0,
                              "derivative": 0,
                              "value": -0.065
                            },
                            {
                              "location": 0.065,
                              "derivative": 0,
                              "value": 0.006
                            }
                          ]
                        }
                      },
                      {
                        "location": 0.85,
                        "derivative": 0,
                        "value": {
                          "coordinate": "minecraft:overworld/ridges_folded",
                          "points": [
                            {
                              "location": 0,
                              "derivative": 0,
                              "value": -0.065
                            },
                            {
                              "location": 0.065,
                              "derivative": 0,
                              "value": -0.015
                            }
                          ]
                        }
                      }
                    ]
                  }
                },
                {
                  "location": 0,
                  "derivative": 0,
                  "value": {
                    "coordinate": "tectonic:overworld/noise/erosion_folded",
                    "points": [
                      {
                        "location": 0.12,
                        "derivative": 0,
                        "value": {
                          "coordinate": "minecraft:overworld/ridges_folded",
                          "points": [
                            {
                              "location": 0,
                              "derivative": 0,
                              "value": -0.065
                            },
                            {
                              "location": 0.065,
                              "derivative": 8,
                              "value": 0.2
                            },
                            {
                              "location": 0.066,
                              "derivative": 0,
                              "value": 0.2
                            },
                            {
                              "location": 0.4,
                              "derivative": 0,
                              "value": 0.3
                            },
                            {
                              "location": 0.8,
                              "derivative": 0,
                              "value": 0.2
                            }
                          ]
                        }
                      },
                      {
                        "location": 0.25,
                        "derivative": 0,
                        "value": {
                          "coordinate": "minecraft:overworld/ridges_folded",
                          "points": [
                            {
                              "location": 0,
                              "derivative": 0,
                              "value": -0.065
                            },
                            {
                              "location": 0.065,
                              "derivative": 0,
                              "value": 0.025
                            },
                            {
                              "location": 0.4,
                              "derivative": 0,
                              "value": 0.1
                            },
                            {
                              "location": 0.8,
                              "derivative": 0,
                              "value": 0.025
                            }
                          ]
                        }
                      },
                      {
                        "location": 0.825,
                        "derivative": 0,
                        "value": {
                          "coordinate": "minecraft:overworld/ridges_folded",
                          "points": [
                            {
                              "location": 0,
                              "derivative": 0,
                              "value": -0.065
                            },
                            {
                              "location": 0.065,
                              "derivative": 0,
                              "value": 0.025
                            },
                            {
                              "location": 0.4,
                              "derivative": 0,
                              "value": 0.1
                            },
                            {
                              "location": 0.8,
                              "derivative": 0,
                              "value": 0.025
                            }
                          ]
                        }
                      },
                      {
                        "location": 0.85,
                        "derivative": 0,
                        "value": {
                          "coordinate": "minecraft:overworld/ridges_folded",
                          "points": [
                            {
                              "location": 0,
                              "derivative": 0,
                              "value": -0.065
                            },
                            {
                              "location": 0.065,
                              "derivative": 0,
                              "value": -0.015
                            }
                          ]
                        }
                      }
                    ]
                  }
                },
                {
                  "location": 0.0625,
                  "derivative": 0,
                  "value": {
                    "coordinate": "tectonic:overworld/noise/erosion_folded",
                    "points": [
                      {
                        "location": 0.175,
                        "derivative": 0,
                        "value": {
                          "coordinate": "minecraft:overworld/ridges_folded",
                          "points": [
                            {
                              "location": 0.066,
                              "derivative": 0,
                              "value": 0.2
                            },
                            {
                              "location": 0.4,
                              "derivative": 0,
                              "value": 0.3
                            },
                            {
                              "location": 0.8,
                              "derivative": 0,
                              "value": 0.2
                            }
                          ]
                        }
                      },
                      {
                        "location": 0.2,
                        "derivative": 0,
                        "value": {
                          "coordinate": "minecraft:overworld/ridges_folded",
                          "points": [
                            {
                              "location": 0,
                              "derivative": 0,
                              "value": -0.065
                            },
                            {
                              "location": 0.065,
                              "derivative": 0,
                              "value": 0.025
                            },
                            {
                              "location": 0.4,
                              "derivative": 0,
                              "value": 0.1
                            },
                            {
                              "location": 0.8,
                              "derivative": 0,
                              "value": 0.025
                            }
                          ]
                        }
                      },
                      {
                        "location": 0.825,
                        "derivative": 0,
                        "value": {
                          "coordinate": "minecraft:overworld/ridges_folded",
                          "points": [
                            {
                              "location": 0,
                              "derivative": 0,
                              "value": -0.065
                            },
                            {
                              "location": 0.065,
                              "derivative": 0,
                              "value": 0.025
                            },
                            {
                              "location": 0.4,
                              "derivative": 0,
                              "value": 0.1
                            },
                            {
                              "location": 0.8,
                              "derivative": 0,
                              "value": 0.025
                            }
                          ]
                        }
                      },
                      {
                        "location": 0.85,
                        "derivative": 0,
                        "value": {
                          "coordinate": "minecraft:overworld/ridges_folded",
                          "points": [
                            {
                              "location": 0,
                              "derivative": 0,
                              "value": -0.065
                            },
                            {
                              "location": 0.065,
                              "derivative": 0,
                              "value": -0.015
                            }
                          ]
                        }
                      }
                    ]
                  }
                },
                {
                  "location": 0.1375,
                  "derivative": 0,
                  "value": {
                    "coordinate": "tectonic:overworld/noise/erosion_folded",
                    "points": [
                      {
                        "location": 0,
                        "derivative": -4.5,
                        "value": 0.75
                      },
                      {
                        "location": 0.175,
                        "derivative": 0,
                        "value": {
                          "coordinate": "minecraft:overworld/ridges_folded",
                          "points": [
                            {
                              "location": 0,
                              "derivative": 0,
                              "value": 0.2
                            },
                            {
                              "location": 0.4,
                              "derivative": 0,
                              "value": 0.3
                            },
                            {
                              "location": 0.8,
                              "derivative": 0,
                              "value": 0.2
                            }
                          ]
                        }
                      },
                      {
                        "location": 0.2,
                        "derivative": 0,
                        "value": {
                          "coordinate": "minecraft:overworld/ridges_folded",
                          "points": [
                            {
                              "location": 0,
                              "derivative": 0,
                              "value": -0.125
                            },
                            {
                              "location": 0.065,
                              "derivative": 8,
                              "value": 0.2
                            },
                            {
                              "location": 0.066,
                              "derivative": 0,
                              "value": 0.2
                            },
                            {
                              "location": 0.4,
                              "derivative": 0,
                              "value": 0.3
                            },
                            {
                              "location": 0.8,
                              "derivative": 0,
                              "value": 0.2
                            }
                          ]
                        }
                      },
                      {
                        "location": 0.25,
                        "derivative": 0,
                        "value": {
                          "coordinate": "minecraft:overworld/ridges_folded",
                          "points": [
                            {
                              "location": 0,
                              "derivative": 0,
                              "value": -0.065
                            },
                            {
                              "location": 0.065,
                              "derivative": 8,
                              "value": 0.025
                            },
                            {
                              "location": 0.066,
                              "derivative": 0,
                              "value": 0.025
                            },
                            {
                              "location": 0.1,
                              "derivative": 0,
                              "value": 0.025
                            },
                            {
                              "location": 0.2,
                              "derivative": 0,
                              "value": 0.2
                            },
                            {
                              "location": 0.5,
                              "derivative": 0,
                              "value": 0.3
                            },
                            {
                              "location": 0.8,
                              "derivative": 0,
                              "value": 0.2
                            }
                          ]
                        }
                      },
                      {
                        "location": 0.33,
                        "derivative": 0,
                        "value": {
                          "coordinate": "minecraft:overworld/ridges_folded",
                          "points": [
                            {
                              "location": 0,
                              "derivative": 0,
                              "value": -0.065
                            },
                            {
                              "location": 0.065,
                              "derivative": 8,
                              "value": 0.025
                            },
                            {
                              "location": 0.066,
                              "derivative": 0,
                              "value": 0.025
                            },
                            {
                              "location": 0.1,
                              "derivative": 0,
                              "value": 0.025
                            },
                            {
                              "location": 0.2,
                              "derivative": 0,
                              "value": 0.2
                            },
                            {
                              "location": 0.5,
                              "derivative": 0,
                              "value": 0.3
                            },
                            {
                              "location": 0.8,
                              "derivative": 0,
                              "value": 0.2
                            }
                          ]
                        }
                      },
                      {
                        "location": 0.39,
                        "derivative": 0,
                        "value": {
                          "coordinate": "minecraft:overworld/ridges_folded",
                          "points": [
                            {
                              "location": 0,
                              "derivative": 0,
                              "value": -0.065
                            },
                            {
                              "location": 0.065,
                              "derivative": 0,
                              "value": 0.025
                            },
                            {
                              "location": 0.4,
                              "derivative": 0,
                              "value": 0.1
                            },
                            {
                              "location": 0.8,
                              "derivative": 0,
                              "value": 0.025
                            }
                          ]
                        }
                      }
                    ]
                  }
                },
                {
                  "location": 0.8,
                  "derivative": 0,
                  "value": {
                    "coordinate": "tectonic:overworld/noise/erosion_folded",
                    "points": [
                      {
                        "location": 0,
                        "derivative": -4.5,
                        "value": 0.95
                      },
                      {
                        "location": 0.175,
                        "derivative": 0,
                        "value": {
                          "coordinate": "minecraft:overworld/ridges_folded",
                          "points": [
                            {
                              "location": 0,
                              "derivative": 0,
                              "value": 0.3
                            },
                            {
                              "location": 0.4,
                              "derivative": 0,
                              "value": 0.4
                            },
                            {
                              "location": 0.8,
                              "derivative": 0,
                              "value": 0.3
                            }
                          ]
                        }
                      },
                      {
                        "location": 0.2,
                        "derivative": 0,
                        "value": {
                          "coordinate": "minecraft:overworld/ridges_folded",
                          "points": [
                            {
                              "location": 0,
                              "derivative": 0,
                              "value": -0.125
                            },
                            {
                              "location": 0.065,
                              "derivative": 8,
                              "value": 0.3
                            },
                            {
                              "location": 0.066,
                              "derivative": 0,
                              "value": 0.3
                            },
                            {
                              "location": 0.4,
                              "derivative": 0,
                              "value": 0.4
                            },
                            {
                              "location": 0.8,
                              "derivative": 0,
                              "value": 0.3
                            }
                          ]
                        }
                      },
                      {
                        "location": 0.25,
                        "derivative": 0,
                        "value": {
                          "coordinate": "minecraft:overworld/ridges_folded",
                          "points": [
                            {
                              "location": 0,
                              "derivative": 0,
                              "value": -0.065
                            },
                            {
                              "location": 0.065,
                              "derivative": 8,
                              "value": 0.025
                            },
                            {
                              "location": 0.066,
                              "derivative": 0,
                              "value": 0.025
                            },
                            {
                              "location": 0.1,
                              "derivative": 0,
                              "value": 0.025
                            },
                            {
                              "location": 0.2,
                              "derivative": 0,
                              "value": 0.3
                            },
                            {
                              "location": 0.5,
                              "derivative": 0,
                              "value": 0.4
                            },
                            {
                              "location": 0.8,
                              "derivative": 0,
                              "value": 0.3
                            }
                          ]
                        }
                      },
                      {
                        "location": 0.33,
                        "derivative": 0,
                        "value": {
                          "coordinate": "minecraft:overworld/ridges_folded",
                          "points": [
                            {
                              "location": 0,
                              "derivative": 0,
                              "value": -0.065
                            },
                            {
                              "location": 0.065,
                              "derivative": 8,
                              "value": 0.025
                            },
                            {
                              "location": 0.066,
                              "derivative": 0,
                              "value": 0.025
                            },
                            {
                              "location": 0.1,
                              "derivative": 0,
                              "value": 0.025
                            },
                            {
                              "location": 0.2,
                              "derivative": 0,
                              "value": 0.3
                            },
                            {
                              "location": 0.5,
                              "derivative": 0,
                              "value": 0.4
                            },
                            {
                              "location": 0.8,
                              "derivative": 0,
                              "value": 0.3
                            }
                          ]
                        }
                      },
                      {
                        "location": 0.39,
                        "derivative": 0,
                        "value": {
                          "coordinate": "minecraft:overworld/ridges_folded",
                          "points": [
                            {
                              "location": 0,
                              "derivative": 0,
                              "value": -0.065
                            },
                            {
                              "location": 0.065,
                              "derivative": 0,
                              "value": 0.025
                            },
                            {
                              "location": 0.4,
                              "derivative": 0,
                              "value": 0.1
                            },
                            {
                              "location": 0.8,
                              "derivative": 0,
                              "value": 0.025
                            }
                          ]
                        }
                      }
                    ]
                  }
                }
              ]
            }
          }
        },
        "argument2": "tectonic:overworld/noise/offset_noise"
      },
      "argument2": "tectonic:overworld/special/dunes/offset_sum"
    }
  }
}