{
	"display": {
		"icon": {
			"item": "minecraft:player_head",
			"nbt":"{SkullOwner:{Id:[I;790009440,1639859901,-1397417282,-100772047],Name:\"Drowned\",Properties:{textures:[{Value:\"eyJ0ZXh0dXJlcyI6eyJTS0lOIjp7InVybCI6Imh0dHA6Ly90ZXh0dXJlcy5taW5lY3JhZnQubmV0L3RleHR1cmUvYzNmN2NjZjYxZGJjM2Y5ZmU5YTYzMzNjZGUwYzBlMTQzOTllYjJlZWE3MWQzNGNmMjIzYjNhY2UyMjA1MSJ9fX0=\"}]}}}"
		},
		"title": "Drowned Improve Over Time",
		"description": ["",{"text":"Drowned get stronger the longer you play.","color":"aqua"}],
		"show_toast": false,
		"announce_to_chat": false
	},
    "parent": "knize1007:hostile_mobs_root",
	"criteria": {
		"tick": {
			"trigger": "minecraft:tick"
		}
	}
}
