{
    "type": "minecraft:chest",
    "pools": [
        {
            "rolls": {
                "min": 1,
                "max": 2
            },
            "entries": [
                {
                    "type": "minecraft:item",
                    "name": "minecraft:mushroom_stew"
                },
                {
                    "type": "minecraft:item",
                    "name": "minecraft:rabbit_stew"
                },
                {
                    "type": "minecraft:item",
                    "name": "minecraft:beetroot_soup"
                },
                {
                    "type": "minecraft:item",
                    "name": "minecraft:suspicious_stew",
                    "functions": [
                        {
                            "function": "minecraft:set_stew_effect",
                            "effects": [
                                {
                                    "type": "minecraft:invisibility",
                                    "duration": 10
                                },
                                {
                                    "type": "minecraft:nausea",
                                    "duration": 10
                                },
                                {
                                    "type": "minecraft:health_boost",
                                    "duration": 10
                                },
                                {
                                    "type": "minecraft:glowing",
                                    "duration": 10
                                },
                                {
                                    "type": "minecraft:water_breathing",
                                    "duration": 10
                                },
                                {
                                    "type": "minecraft:speed",
                                    "duration": 10
                                },
                                {
                                    "type": "minecraft:wither",
                                    "duration": 10
                                },
                                {
                                    "type": "minecraft:slowness",
                                    "duration": 10
                                },
                                {
                                    "type": "minecraft:poison",
                                    "duration": 10
                                },
                                {
                                    "type": "minecraft:absorption",
                                    "duration": 10
                                },
                                {
                                    "type": "minecraft:fire_resistance",
                                    "duration": 10
                                },
                                {
                                    "type": "minecraft:levitation",
                                    "duration": 10
                                },
                                {
                                    "type": "minecraft:jump_boost",
                                    "duration": 10
                                },
                                {
                                    "type": "minecraft:weakness",
                                    "duration": 10
                                },
                                {
                                    "type": "minecraft:strength",
                                    "duration": 10
                                },
                                {
                                    "type": "minecraft:night_vision",
                                    "duration": 10
                                },
                                {
                                    "type": "minecraft:blindness",
                                    "duration": 10
                                },
                                {
                                    "type": "minecraft:mining_fatigue",
                                    "duration": 10
                                },
                                {
                                    "type": "minecraft:haste",
                                    "duration": 10
                                },
                                {
                                    "type": "minecraft:instant_damage",
                                    "duration": 1
                                },
                                {
                                    "type": "minecraft:instant_health",
                                    "duration": 1
                                },
                                {
                                    "type": "minecraft:saturation",
                                    "duration": 10
                                },
                                {
                                    "type": "minecraft:hunger",
                                    "duration": 10
                                }
                            ]
                        }
                    ]
                }
            ]
        },
        {
            "rolls": {
                "min": 0,
                "max": 1
            },
            "entries": [
                {
                    "type": "minecraft:item",
                    "name": "minecraft:leather_leggings"
                },
                {
                    "type": "minecraft:item",
                    "name": "minecraft:leather_helmet"
                },
                {
                    "type": "minecraft:item",
                    "name": "minecraft:leather_boots"
                },
                {
                    "type": "minecraft:item",
                    "name": "minecraft:leather_chestplate"
                }
            ]
        },
        {
            "rolls": {
                "min": 0,
                "max": 1
            },
            "entries": [
                {
                    "type": "minecraft:item",
                    "weight": 1,
                    "name": "minecraft:book",
                    "functions": [
                        {
                            "function": "minecraft:enchant_randomly"
                        }
                    ]
                },
                {
                    "type": "minecraft:item",
                    "weight": 1,
                    "name": "minecraft:saddle"
                },
                {
                    "type": "minecraft:item",
                    "weight": 5,
                    "name": "minecraft:gold_ingot",
                    "functions": [
                        {
                            "function": "minecraft:set_count",
                            "count": {
                                "min": 1,
                                "max": 4
                            }
                        }
                    ]
                },
                {
                    "type": "minecraft:item",
                    "weight": 1,
                    "name": "minecraft:amethyst_shard",
                    "functions": [
                        {
                            "function": "minecraft:set_count",
                            "count": {
                                "min": 1,
                                "max": 3
                            }
                        }
                    ]
                },
                {
                    "type": "minecraft:item",
                    "weight": 5,
                    "name": "minecraft:copper_ingot",
                    "functions": [
                        {
                            "function": "minecraft:set_count",
                            "count": {
                                "min": 3,
                                "max": 5
                            }
                        }
                    ]
                },
                {
                    "type": "minecraft:item",
                    "weight": 1,
                    "name": "minecraft:diamond",
                    "functions": [
                        {
                            "function": "minecraft:set_count",
                            "count": {
                                "min": 1,
                                "max": 2
                            }
                        }
                    ]
                },
                {
                    "type": "minecraft:item",
                    "weight": 5,
                    "name": "minecraft:iron_ingot",
                    "functions": [
                        {
                            "function": "minecraft:set_count",
                            "count": {
                                "min": 1,
                                "max": 4
                            }
                        }
                    ]
                }
            ]
        },
        {
            "rolls": {
                "type": "minecraft:uniform",
                "min": 0,
                "max": 3
            },
            "bonus_rolls": 0,
            "entries": [
                {
                    "type": "minecraft:item",
                    "name": "minecraft:potion",
                    "functions": [
                        {
                            "function": "minecraft:set_potion",
                            "id": "minecraft:water"
                        },
                        {
                            "function": "minecraft:set_count",
                            "count": {
                                "type": "minecraft:uniform",
                                "min": 1,
                                "max": 3
                            },
                            "add": false
                        }
                    ]
                },
                {
                    "type": "minecraft:item",
                    "weight": 2,
                    "name": "minecraft:beetroot_seeds"
                },
                {
                    "type": "minecraft:item",
                    "weight": 2,
                    "name": "minecraft:melon_seeds"
                },
                {
                    "type": "minecraft:item",
                    "weight": 10,
                    "name": "minecraft:potato",
                    "functions": [
                        {
                            "function": "minecraft:set_count",
                            "count": {
                                "type": "minecraft:uniform",
                                "min": 1,
                                "max": 7
                            },
                            "add": false
                        }
                    ]
                },
                {
                    "type": "minecraft:item",
                    "weight": 10,
                    "name": "minecraft:bread",
                    "functions": [
                        {
                            "function": "minecraft:set_count",
                            "count": {
                                "type": "minecraft:uniform",
                                "min": 1,
                                "max": 4
                            },
                            "add": false
                        }
                    ]
                },
                {
                    "type": "minecraft:item",
                    "weight": 10,
                    "name": "minecraft:apple",
                    "functions": [
                        {
                            "function": "minecraft:set_count",
                            "count": {
                                "type": "minecraft:uniform",
                                "min": 1,
                                "max": 5
                            },
                            "add": false
                        }
                    ]
                },
                {
                    "type": "minecraft:item",
                    "name": "minecraft:book"
                },
                {
                    "type": "minecraft:item",
                    "weight": 2,
                    "name": "minecraft:emerald",
                    "functions": [
                        {
                            "function": "minecraft:set_count",
                            "count": {
                                "type": "minecraft:uniform",
                                "min": 1,
                                "max": 4
                            },
                            "add": false
                        }
                    ]
                },
                {
                    "type": "minecraft:loot_table",
                    "weight": 5,
                    "name": "minecraft:gameplay/fishing/fish",
                    "functions": [
                        {
                            "function": "minecraft:set_count",
                            "count": {
                                "min": 1,
                                "max": 2
                            }
                        }
                    ]
                }
            ]
        }
    ]
}
