{
    "pools": [
      {
        "rolls": 1,
        "entries": [
          {
            "type": "minecraft:item",
            "name": "minecraft:glow_item_frame",
            "functions": [
              {
                "function": "minecraft:set_nbt",
                "tag": "{display:{Name:'{\"text\":\"Spell Blocker\",\"color\":\"#ff6283\",\"italic\":false}'},CustomModelData:1728,hexenwerk-spell_blocker:1b,EntityTag:{Tags:[\"hexenwerk.place\",\"hexenwerk.place.spell_blocker\"],Invisible:1b,Item:{id:\"minecraft:glow_item_frame\",Count:1b,tag:{CustomModelData:1728}}}}"
              }
            ]
          }
        ]
      }
    ]
  }
