{
  "type": "minecraft:disk",
  "config": {
    "state_provider": {
      "fallback": {
        "type": "minecraft:simple_state_provider",
        "state": {
          "Name": "minecraft:sand"
        }
      },
      "rules": [
        {
          "if_true": {
            "type": "minecraft:any_of",
            "predicates": [
              {
                "type": "minecraft:matching_blocks",
                "offset": [
                  0,
                  -1,
                  0
                ],
                "blocks": "minecraft:air"
              },
              {
                "type": "minecraft:matching_fluids",
                "offset": [
                  0,
                  -1,
                  0
                ],
                "fluids": "#minecraft:water"
              }
            ]
          },
          "then": {
            "type": "minecraft:simple_state_provider",
            "state": {
              "Name": "minecraft:sandstone"
            }
          }
        }
      ]
    },
    "target": {
      "type": "minecraft:matching_blocks",
      "blocks": "#tectonic:disk_no_heightmap_replaceable"
    },
    "radius": 4,
    "half_height": 1
  }
}
