{
	"display": {
		"icon": {
			"item": "minecraft:player_head",
			"nbt": "{SkullOwner:{Id:[I;-236127053,-88518796,-1291216276,787836719],Name:\"Vindicator\",Properties:{textures:[{Value:\"eyJ0ZXh0dXJlcyI6eyJTS0lOIjp7InVybCI6Imh0dHA6Ly90ZXh0dXJlcy5taW5lY3JhZnQubmV0L3RleHR1cmUvMmRhYmFmZGUyN2VlMTJiMDk4NjUwNDdhZmY2ZjE4M2ZkYjY0ZTA0ZGFlMWMwMGNjYmRlMDRhZDkzZGNjNmM5NSJ9fX0=\"}]}}}"
		},
		"title": "Vindicators Improve Over Time",
		"description": ["",{"text":"Vindicators get stronger the longer you play.","color":"aqua"}],
		"show_toast": false,
		"announce_to_chat": false
	},
    "parent": "knize1007:hostile_mobs_root",
	"criteria": {
		"tick": {
			"trigger": "minecraft:tick"
		}
	}
}
