{
  "type": "minecraft:chest",
  "pools": [
    {
      "bonus_rolls": 0.0,
      "entries": [
        {
          "type": "minecraft:item",
          "name": "minecraft:book",
          "weight": 10,
          "functions": [
            {
              "function": "minecraft:enchant_with_levels",
              "levels": 20
            }
          ]
        },
        {
          "type": "minecraft:item",
          "name": "minecraft:map",
          "weight":15
        },
        {
          "type": "minecraft:item",
          "name": "minecraft:gold_ingot",
          "weight": 15
        },
        {
          "type": "minecraft:item",
          "name": "minecraft:potion",
          "weight": 5,
          "functions": [
            {
              "function": "minecraft:set_potion",
              "id": "minecraft:long_night_vision"
            }
          ]
        },
        {
          "type": "minecraft:item",
          "name": "minecraft:iron_ingot",
          "weight": 15
        },
        {
          "type": "minecraft:item",
          "name": "minecraft:paper",
          "weight": 25
        },
        {
          "type": "minecraft:item",
          "name": "minecraft:compass",
          "weight": 10
        },
        {
          "type": "minecraft:item",
          "name": "minecraft:recovery_compass",
          "weight": 3
        },
        {
          "type": "minecraft:item",
          "name": "minecraft:diamond",
          "weight": 10
        }
      ],
      "rolls": 10
    },
    {
      "bonus_rolls": 0.0,
      "entries": [
        {
          "type": "minecraft:item",
          "name": "minecraft:spyglass",
          "functions": [
            {
              "function": "minecraft:set_count",
              "count": {
                "max": 1,
                "min": 0
              }
            }
          ]
        }
      ],
      "rolls": 1.0
    } 
  ]
}