{"criteria":{"mainhand":{"trigger":"minecraft:using_item","conditions":{"item":{"items":["minecraft:ender_eye"]},"player":[{"condition":"minecraft:value_check","value":{"type":"minecraft:score","target":{"type":"minecraft:fixed","name":".gametime"},"score":"fee"},"range":{"min":{"type":"minecraft:score","target":"this","score":"fee"},"max":2147483647}},{"condition":"minecraft:entity_properties","entity":"this","predicate":{"equipment":{"mainhand":{"items":["minecraft:ender_eye"]}}}},{"condition":"minecraft:inverted","term":{"condition":"minecraft:entity_properties","entity":"this","predicate":{"equipment":{"mainhand":{"nbt":"{}"}}}}}]}},"offhand":{"trigger":"minecraft:using_item","conditions":{"item":{"items":["minecraft:ender_eye"]},"player":[{"condition":"minecraft:value_check","value":{"type":"minecraft:score","target":{"type":"minecraft:fixed","name":".gametime"},"score":"fee"},"range":{"min":{"type":"minecraft:score","target":"this","score":"fee"},"max":2147483647}},{"condition":"minecraft:entity_properties","entity":"this","predicate":{"equipment":{"offhand":{"items":["minecraft:ender_eye"]}}}},{"condition":"minecraft:inverted","term":{"condition":"minecraft:entity_properties","entity":"this","predicate":{"equipment":{"mainhand":{"items":["minecraft:ender_eye"]}}}}},{"condition":"minecraft:inverted","term":{"condition":"minecraft:entity_properties","entity":"this","predicate":{"equipment":{"offhand":{"nbt":"{}"}}}}}]}}},"requirements":[["mainhand","offhand"]],"rewards":{"function":"fee:throw_eye"}}