{
    "__comment": "Made with TheDestruc7i0n's advancements generator: https://advancements.thedestruc7i0n.ca",
    "display": {
        "title": {
            "translate": "advancement.hexenwerk.wand"
        },
        "description": {
            "translate": "advancement.hexenwerk.description.wand",
            "color": "green"
        },
        "icon": {
            "item": "minecraft:warped_fungus_on_a_stick",
            "nbt": "{CustomModelData:1725}"
        },
        "frame": "task",
        "show_toast": true,
        "announce_to_chat": true,
        "hidden": false
    },
    "criteria": {
        "magical wand": {
            "trigger": "minecraft:inventory_changed",
            "conditions": {
                "items": [
                    {
                        "item": "minecraft:warped_fungus_on_a_stick",
                        "nbt": "{hexenwerk-wand:1b}"
                    }
                ]
            }
        }
    },
    "parent": "hexenwerk:crystal"
}