{
  "type": "minecraft:random_patch",
  "config": {
    "tries": 64,
    "xz_spread": 3,
    "y_spread": 3,
    "feature": {
      "feature": {
        "type": "minecraft:block_column",
        "config": {
          "direction": "down",
          "allowed_placement": {
            "type": "minecraft:any_of",
            "predicates": [
              {
                "type": "minecraft:matching_blocks",
                "offset": [
                  0,
                  0,
                  0
                ],
                "blocks": "#minecraft:dirt"
              },
              {
                "type": "minecraft:matching_blocks",
                "offset": [
                  0,
                  1,
                  0
                ],
                "blocks": "#minecraft:dirt"
              }
            ]
          },
          "prioritize_tip": false,
          "layers": [
            {
              "height": 5,
              "provider": {
                "type": "minecraft:simple_state_provider",
                "state": {
                  "Name": "minecraft:packed_mud"
                }
              }
            }
          ]
        }
      },
      "placement": [
        {
          "type": "minecraft:heightmap",
          "heightmap": "OCEAN_FLOOR_WG"
        },
        {
          "type": "minecraft:environment_scan",
          "direction_of_search": "down",
          "max_steps": 4,
          "target_condition": {
            "type": "minecraft:matching_blocks",
            "offset": [
              0,
              0,
              0
            ],
            "blocks": "#minecraft:dirt"
          }
        },
        {
          "type": "minecraft:block_predicate_filter",
          "predicate": {
            "type": "minecraft:any_of",
            "predicates": [
              {
                "type": "minecraft:matching_blocks",
                "offset": [
                  -1,
                  -1,
                  0
                ],
                "blocks": "minecraft:air"
              },
              {
                "type": "minecraft:matching_blocks",
                "offset": [
                  0,
                  -1,
                  -1
                ],
                "blocks": "minecraft:air"
              },
              {
                "type": "minecraft:matching_blocks",
                "offset": [
                  1,
                  -1,
                  0
                ],
                "blocks": "minecraft:air"
              },
              {
                "type": "minecraft:matching_blocks",
                "offset": [
                  0,
                  -1,
                  1
                ],
                "blocks": "minecraft:air"
              },
              {
                "type": "minecraft:all_of",
                "predicates": [
                  {
                    "type": "minecraft:matching_blocks",
                    "offset": [
                      0,
                      0,
                      1
                    ],
                    "blocks": "#minecraft:dirt"
                  },
                  {
                    "type": "minecraft:any_of",
                    "predicates": [
                      {
                        "type": "minecraft:matching_blocks",
                        "offset": [
                          1,
                          -1,
                          1
                        ],
                        "blocks": "minecraft:air"
                      },
                      {
                        "type": "minecraft:matching_blocks",
                        "offset": [
                          -1,
                          -1,
                          1
                        ],
                        "blocks": "minecraft:air"
                      }
                    ]
                  }
                ]
              },
              {
                "type": "minecraft:all_of",
                "predicates": [
                  {
                    "type": "minecraft:matching_blocks",
                    "offset": [
                      0,
                      0,
                      -1
                    ],
                    "blocks": "#minecraft:dirt"
                  },
                  {
                    "type": "minecraft:any_of",
                    "predicates": [
                      {
                        "type": "minecraft:matching_blocks",
                        "offset": [
                          1,
                          -1,
                          -1
                        ],
                        "blocks": "minecraft:air"
                      },
                      {
                        "type": "minecraft:matching_blocks",
                        "offset": [
                          -1,
                          -1,
                          -1
                        ],
                        "blocks": "minecraft:air"
                      }
                    ]
                  }
                ]
              },
              {
                "type": "minecraft:all_of",
                "predicates": [
                  {
                    "type": "minecraft:matching_blocks",
                    "offset": [
                      -1,
                      0,
                      0
                    ],
                    "blocks": "#minecraft:dirt"
                  },
                  {
                    "type": "minecraft:any_of",
                    "predicates": [
                      {
                        "type": "minecraft:matching_blocks",
                        "offset": [
                          -1,
                          -1,
                          1
                        ],
                        "blocks": "minecraft:air"
                      },
                      {
                        "type": "minecraft:matching_blocks",
                        "offset": [
                          -1,
                          -1,
                          -1
                        ],
                        "blocks": "minecraft:air"
                      }
                    ]
                  }
                ]
              },
              {
                "type": "minecraft:all_of",
                "predicates": [
                  {
                    "type": "minecraft:matching_blocks",
                    "offset": [
                      1,
                      0,
                      0
                    ],
                    "blocks": "#minecraft:dirt"
                  },
                  {
                    "type": "minecraft:any_of",
                    "predicates": [
                      {
                        "type": "minecraft:matching_blocks",
                        "offset": [
                          1,
                          -1,
                          1
                        ],
                        "blocks": "minecraft:air"
                      },
                      {
                        "type": "minecraft:matching_blocks",
                        "offset": [
                          1,
                          -1,
                          -1
                        ],
                        "blocks": "minecraft:air"
                      }
                    ]
                  }
                ]
              }
            ]
          }
        }
      ]
    }
  }
}