{
    "pools": [
      {
        "rolls": 1,
        "entries": [
          {
            "type": "minecraft:item",
            "name": "minecraft:book",
            "functions": [
              {
                "function": "minecraft:set_nbt",
                "tag": "{display:{Name:'{\"translate\":\"item.hexenwerk.spellbook\",\"color\":\"#62DEDE\",\"italic\":false}',Lore:['{\"text\":\"Amogius\",\"color\":\"#ff6283\",\"italic\":false}']},CustomModelData:1730,hexenwerk-spellbook:1b,  hexenwerk-contained_spell: 3 ,hexenwerk-mana_cost: 0,hexenwerk-chat_display:'{\"text\":\"Amogius\",\"color\":\"#ff6283\"}',hexenwerk-lore_display:'{\"text\":\"\u2022 Amogius\",\"color\":\"#ff6283\",\"italic\":false}',hexenwerk-spell_display:'{\"text\":\"\uE507\",\"color\":\"#FF0000\",\"italic\":false}'}"
              }
            ]
          }
        ]
      }
    ]
  }
  