{
    "pools": [
      {
        "rolls": 1,
        "entries": [
          {
            "type": "minecraft:item",
            "name": "minecraft:book",
            "functions": [
              {
                "function": "minecraft:set_nbt",
                "tag": "{display:{Name:'{\"translate\":\"item.hexenwerk.spellbook\",\"color\":\"#62DEDE\",\"italic\":false}',Lore:['{\"text\":\"Ardo\",\"color\":\"gray\",\"italic\":false}']},CustomModelData:1726,hexenwerk-spellbook:1b,   hexenwerk-contained_spell:1001,hexenwerk-mana_cost: 20,hexenwerk-chat_display:'{\"text\":\"Ardo\",\"color\":\"#62DEDE\"}',hexenwerk-lore_display:'{\"text\":\"\u2022 Ardo\",\"color\":\"gray\",\"italic\":false}',hexenwerk-spell_display:'{\"text\":\"\uE503\",\"color\":\"#FF0000\",\"italic\":false}'}"
              }
            ]
          }
        ]
      }
    ]
  }
   