{
  "criteria": {
    "requirement": {
      "trigger": "minecraft:using_item",
      "conditions": {
        "player": [
          {
            "condition": "minecraft:entity_properties",
            "entity": "this",
            "predicate": {
              "nbt": "{Tags:[\"ps-spell.catalyst\"]}",
              "equipment": {
                "mainhand": {
                  "items": [
                    "minecraft:glow_ink_sac",
                    "minecraft:ink_sac"
                  ]
                }
              }
            }
          }
        ],
        "item": {
          "items": [
            "minecraft:ender_eye"
          ]
        }
      }
    }
  },
  "rewards": {
    "function": "ps-spell:refill_ink"
  }
}
