{
	"display": {
		"icon": {
			"item": "minecraft:player_head",
			"nbt": "{SkullOwner:{Id:[I;1339570758,-1965080213,-1455428410,-985047630],Name:\"Pillager\",Properties:{textures:[{Value:\"eyJ0ZXh0dXJlcyI6eyJTS0lOIjp7InVybCI6Imh0dHA6Ly90ZXh0dXJlcy5taW5lY3JhZnQubmV0L3RleHR1cmUvYzIyNWYwYjQ5YzUyOTUwNDhhNDA5YzljNjAxY2NhNzlhYThlYjUyYWZmNWUyMDMzZWJiODY1ZjQzNjdlZjQzZSJ9fX0=\"}]}}}"
		},
		"title": "Pillagers Improve Over Time",
		"description": ["",{"text":"Pillagers get stronger the longer you play.","color":"aqua"}],
		"show_toast": false,
		"announce_to_chat": false
	},
    "parent": "knize1007:hostile_mobs_root",
	"criteria": {
		"tick": {
			"trigger": "minecraft:tick"
		}
	}
}
