{
  "function": "minecraft:set_lore",
  "entity": "this",
  "lore": [
    {
      "translate": "ps-spell.spell.desc",
      "color": "gray",
      "italic": false
    },
    {
      "translate": "ps-spell.spell.cost",
      "with": [
        {
          "score": {
            "name": "@s",
            "objective": "element.stat.ink_cost.mainhand"
          },
          "color": "#7565B5",
          "italic": false
        }
      ],
      "color": "white",
      "italic": false
    },
    {
      "translate": "ps-spell.spell.desc2",
      "color": "blue",
      "italic": false
    }
  ],
  "replace": true
}
