{
  "display": {
    "icon": {
      "item": "minecraft:stone"
    },
    "title": "",
    "description": "",
    "show_toast": false,
    "announce_to_chat": false,
    "hidden": true
  },
  "parent": "minecraft:adventure/adventuring_time",
  "criteria": {
    "pick_up": {
      "trigger": "minecraft:inventory_changed",
      "conditions": {
        "player": {
          "location": {
            "structure": "end:crater"
          }
        },
        "items": [
          {
            "items": [
              "minecraft:ancient_debris"
            ]
          }
        ]
      }
    }
  },
  "requirements": [
    [
      "pick_up"
    ]
  ],
  "rewards": {
    "function": "end:summon_warden"
  }
}
