{
  "parent": "minecraft:item/generated",
  "textures": {
    "layer0": "minecraft:item/ender_eye"
  },
  "overrides": [
    { "predicate": { "custom_model_data": 12310 }, "model": "ps-spell:item/quill_5" },
    { "predicate": { "custom_model_data": 12312 }, "model": "ps-spell:item/empty" },
    { "predicate": { "custom_model_data": 12330 }, "model": "ps-spell:item/quill_0" },
    { "predicate": { "custom_model_data": 12331 }, "model": "ps-spell:item/quill_1" },
    { "predicate": { "custom_model_data": 12332 }, "model": "ps-spell:item/quill_2" },
    { "predicate": { "custom_model_data": 12333 }, "model": "ps-spell:item/quill_3" },
    { "predicate": { "custom_model_data": 12334 }, "model": "ps-spell:item/quill_4" }
  ]
}