{
	"display": {
		"icon": {
			"item": "minecraft:player_head",
			"nbt": "{SkullOwner:{Id:[I;610549108,583027638,-1609076290,-470789079],Name:\"Silverfish\",Properties:{textures:[{Value:\"eyJ0ZXh0dXJlcyI6eyJTS0lOIjp7InVybCI6Imh0dHA6Ly90ZXh0dXJlcy5taW5lY3JhZnQubmV0L3RleHR1cmUvZjI1ZTlmYWUzNzE2NjRkZTFhODAwYzg0ZDAyNTEyNGFiYjhmMTUxMTE4MDdjOGJjMWFiOTEyNmFhY2JkNGY5NSJ9fX0=\"}]}}}"
		},
		"title": "Silverfish Improve Over Time",
		"description": ["",{"text":"Silverfish get stronger the longer you play.","color":"aqua"}],
		"show_toast": false,
		"announce_to_chat": false
	},
    "parent": "knize1007:hostile_mobs_root",
	"criteria": {
		"tick": {
			"trigger": "minecraft:tick"
		}
	}
}
