{
  "temperature": 1,
  "downfall": 0.4,
  "has_precipitation": false,
  "temperature_modifier": "none",
  "effects": {
    "sky_color": 4210752,
    "fog_color": 2171169,
    "water_color": 5046276,
    "water_fog_color": 3343621,
    "grass_color": 9043975,
    "foliage_color": 10169388,
    "grass_color_modifier": "none",
    "ambient_sound": {
      "sound_id": "custom:dreadlands"
    }
  },
  "spawners": {
    "monster": [
      {
        "type": "minecraft:zombie",
        "weight": 1,
        "minCount": 1,
        "maxCount": 1
      },
      {
        "type": "minecraft:spider",
        "weight": 1,
        "minCount": 1,
        "maxCount": 1
      },
      {
        "type": "minecraft:blaze",
        "weight": 1,
        "minCount": 1,
        "maxCount": 1
      },
      {
        "type": "minecraft:witch",
        "weight": 1,
        "minCount": 1,
        "maxCount": 1
      }
    ]
  },
  "spawn_costs": {},
  "carvers": {},
  "features": [
    [
      "minecraft:fossil_upper",
      "minecraft:trees_windswept_savanna",
      "minecraft:patch_grass_savanna"
    ]
  ]
}
