{
  "structures": [
    {
      "structure": "survivalexpansion:ghasttree4",
      "weight": 1
    },
    {
      "structure": "survivalexpansion:ghasttree3",
      "weight": 1
    },
    {
      "structure": "survivalexpansion:ghasttree2",
      "weight": 1
    },
    {
      "structure": "survivalexpansion:ghasttree1",
      "weight": 1
    }
  ],
  "placement": {
    "type": "minecraft:random_spread",
    "salt": 1776016415,
    "spacing": 2,
    "separation": 0
  }
}
